ponia	noun	ponià / poniõs	ponia ponios poniai ponią ponioje ponioms ponias poniomis poniose ponių
panelė	noun	panẽlė / panẽlės	panelė panelės panelei panelę panele panelėje panelėms paneles panelėmis panelėse panelių
pasirašyti	verb	pasirašýti, pasirãšo, pasirãšė	pasirašyti pasirašau pasirašai pasirašo pasirašome pasirašote pasirašiau pasirašei pasirašė pasirašėme pasirašėte pasirašysiu pasirašysi pasirašys pasirašysime pasirašysite pasirašyk pasirašykite
parašas	noun	pãrašas / parašaĩ	parašas parašo parašui parašą parašu paraše parašai parašų parašams parašus parašais parašuose
tautybė	noun	tautýbė / tautýbės	tautybė tautybės tautybei tautybę tautybe tautybėje tautybėms tautybes tautybėmis tautybėse tautybių
darbštus	adj	darbštùs / darbštì	darbštus darbšti darbštaus darbščios darbštų darbščią darbštūs darbščių darbštiems darbščioms darbščius darbščias darbščiais darbščiomis darbščiuose darbščiose
prieškambaris	noun	príeškambaris / príeškambariai	prieškambaris prieškambario prieškambariui prieškambarį prieškambariu prieškambaryje prieškambariai prieškambarių prieškambariams prieškambarius prieškambariais prieškambariuose
plaukai	noun	pláukas / plaukaĩ	plaukai plaukų plaukams plaukus plaukais plaukuose plaukas plauko plaukui plauką plauku plauke
baldai	noun	bal̃das / bal̃dai	baldai baldų baldams baldus baldais balduose baldas baldo baldui baldą baldu balde
lentyna	noun	lentýna / lentýnos	lentyna lentynos lentynai lentyną lentynoje lentynoms lentynas lentynomis lentynose lentynų
pagalvė	noun	pagálvė / pagálvės	pagalvė pagalvės pagalvei pagalvę pagalve pagalvėje pagalvėms pagalves pagalvėmis pagalvėse pagalvių
paklodė	noun	paklõdė / paklõdės	paklodė paklodės paklodei paklodę paklode paklodėje paklodėms paklodes paklodėmis paklodėse paklodžių
čiužinys	noun	čiužinỹs / čiužiniaĩ	čiužinys čiužinio čiužiniui čiužinį čiužiniu čiužinyje čiužiniai čiužinių čiužiniams čiužinius čiužiniais čiužiniuose
dujos	noun	dùjos (tik dgs.)	dujos dujų dujoms dujas dujomis dujose
šildymas	noun	šìldymas / šìldymai	šildymas šildymo šildymui šildymą šildymu šildyme šildymai šildymų
židinys	noun	židinỹs / židiniaĩ	židinys židinio židiniui židinį židiniu židinyje židiniai židinių židiniams židinius židiniais židiniuose
skalbyklė	noun	skalbỹklė / skalbỹklės	skalbyklė skalbyklės skalbyklei skalbyklę skalbykle skalbyklėje skalbyklėms skalbykles skalbyklėmis skalbyklėse skalbyklių
džiovyklė	noun	džiovỹklė / džiovỹklės	džiovyklė džiovyklės džiovyklei džiovyklę džiovykle džiovyklėje džiovyklėms džiovykles džiovyklėmis džiovyklėse džiovyklių
indaplovė	noun	indãplovė / indãplovės	indaplovė indaplovės indaplovei indaplovę indaplove indaplovėje indaplovėms indaploves indaplovėmis indaplovėse indaplovių
termometras	noun	termomètras / termomètrai	termometras termometro termometrui termometrą termometru termometre termometrai termometrų termometrams termometrus termometrais termometruose
pabusti	verb	pabùsti, pabuñda, pabùdo	pabusti pabundu pabundi pabunda pabundame pabundate pabudau pabudai pabudo pabudome pabudote pabusiu pabusi pabus pabusime pabusite pabusk pabuskite
praustis	verb	praũstis, praũsiasi, praũsėsi	praustis prausiuosi prausiesi prausiasi prausiamės prausiatės prausiausi prauseisi prausėsi prausėmės prausėtės prausiuosi prausiesi prausis prausimės prausitės prauskis prauskitės
maudytis	verb	máudytis, máudosi, máudėsi	maudytis maudausi maudaisi maudosi maudomės maudotės maudžiausi maudeisi maudėsi maudėmės maudėtės maudysiuosi maudysiesi maudysis maudysimės maudysitės maudykis maudykitės
šukuotis	verb	šukuõtis, šukúojasi, šukãvosi	šukuotis šukuojuosi šukuojiesi šukuojasi šukuojamės šukuojatės šukavausi šukavaisi šukavosi šukavomės šukavotės šukuosiuosi šukuosiesi šukuosis šukuokis šukuokitės
rengtis	verb	reñgtis, reñgiasi, reñgėsi	rengtis rengiuosi rengiesi rengiasi rengiamės rengiatės rengiausi rengeisi rengėsi rengėmės rengėtės rengsiuosi rengsiesi rengsis renkis renkitės
darželis	noun	daržẽlis / daržẽliai	darželis darželio darželiui darželį darželiu darželyje darželiai darželių darželiams darželius darželiais darželiuose
pertrauka	noun	pértrauka / pértraukos	pertrauka pertraukos pertraukai pertrauką pertrauka pertraukoje pertraukoms pertraukas pertraukomis pertraukose pertraukų
kabinetas	noun	kabinètas / kabinètai	kabinetas kabineto kabinetui kabinetą kabinetu kabinete kabinetai kabinetų kabinetams kabinetus kabinetais kabinetuose
šviesti	verb	šviẽsti, šviẽčia, šviẽtė	šviesti šviečiu švieti šviečia šviečiame šviečiate šviečiau švietei švietė švietėme švietėte šviesiu šviesi švies šviesime šviesite šviesk švieskite
atmintukas	noun	atmintùkas / atmintùkai	atmintukas atmintuko atmintukui atmintuką atmintuku atmintuke atmintukai atmintukų atmintukams atmintukus atmintukais atmintukuose
pašalpa	noun	pašalpà / pašalpõs	pašalpa pašalpos pašalpai pašalpą pašalpa pašalpoje pašalpos pašalpų pašalpoms pašalpas pašalpomis pašalpose
stipendija	noun	stipeñdija / stipeñdijos	stipendija stipendijos stipendijai stipendiją stipendija stipendijoje stipendijos stipendijų stipendijoms stipendijas stipendijomis stipendijose
atostogauti	verb	atostogáuti, atostogáuja, atostogãvo	atostogauti atostogauja atostogavo
grotuvas	noun	grotùvas / grotùvai	grotuvas grotuvo grotuvui grotuvą grotuvu grotuve grotuvai grotuvų grotuvams grotuvus grotuvais grotuvuose
baletas	noun	balètas / balètai	baletas baleto baletui baletą baletu balete baletai baletų baletams baletus baletais baletuose
spektaklis	noun	spektãklis / spektãkliai	spektaklis spektaklio spektakliui spektaklį spektakliu spektaklyje spektakliai spektaklių spektakliams spektaklius spektakliais spektakliuose
vaidinti	verb	vaidìnti, vaidìna, vaidìno	vaidinti vaidina vaidino
scena	noun	scenà / scènos	scena scenos scenai sceną scena scenoje scenos scenų scenoms scenas scenomis scenose
seansas	noun	seánsas / seánsai	seansas seanso seansui seansą seansu seanse seansai seansų seansams seansus seansais seansuose
bėgioti	verb	bėgióti, bėgiója, bėgiójo	bėgioti bėgioja bėgiojo
olimpiada	noun	olimpiadà / olimpiãdos	olimpiada olimpiados olimpiadai olimpiadą olimpiada olimpiadoje olimpiados olimpiadų olimpiadoms olimpiadas olimpiadomis olimpiadose
medalis	noun	medãlis / medãliai	medalis medalio medaliui medalį medaliu medalyje medaliai medalių medaliams medalius medaliais medaliuose
reklama	noun	reklamà / reklãmos	reklama reklamos reklamai reklamą reklama reklamoje reklamos reklamų reklamoms reklamas reklamomis reklamose
skelbimas	noun	skelbìmas / skelbìmai	skelbimas skelbimo skelbimui skelbimą skelbimu skelbime skelbimai skelbimų skelbimams skelbimus skelbimais skelbimuose
nuotrauka	noun	núotrauka / núotraukos	nuotrauka nuotraukos nuotraukai nuotrauką nuotrauka nuotraukoje nuotraukos nuotraukų nuotraukoms nuotraukas nuotraukomis nuotraukose
fotografija	noun	fotogràfija / fotogrãfijos	fotografija fotografijos fotografijai fotografiją fotografija fotografijoje fotografijos fotografijų fotografijoms fotografijas fotografijomis fotografijose
žurnalistas	noun	žurnali̇̀stas / žurnalìstai	žurnalistas žurnalisto žurnalistui žurnalistą žurnalistu žurnaliste žurnalistai žurnalistų žurnalistams žurnalistus žurnalistais žurnalistuose
kioskas	noun	kiòskas / kiòskai	kioskas kiosko kioskui kioską kiosku kioske kioskai kioskų kioskams kioskus kioskais kioskuose
tradicija	noun	tradi̇̀cija / tradìcijos	tradicija tradicijos tradicijai tradiciją tradicija tradicijoje tradicijos tradicijų tradicijoms tradicijas tradicijomis tradicijose
keltas	noun	kel̃tas / kel̃tai	keltas kelto keltui keltą keltu kelte keltai keltų keltams keltus keltais keltuose
tikrinti	verb	ti̇̀krinti, tìkrina, tìkrino	tikrinti tikrina tikrino
registracija	noun	registrãcija / registrãcijos	registracija registracijos registracijai registraciją registracija registracijoje registracijos registracijų registracijoms registracijas registracijomis registracijose
atvykimas	noun	atvykìmas / atvykìmai	atvykimas atvykimo atvykimui atvykimą atvykimu atvykime atvykimai atvykimų atvykimams atvykimus atvykimais atvykimuose
vairuotojas	noun	vairúotojas / vairúotojai	vairuotojas vairuotojo vairuotojui vairuotoją vairuotoju vairuotoje vairuotojai vairuotojų vairuotojams vairuotojus vairuotojais vairuotojuose
pažymėjimas	noun	pažymė́jimas / pažymė́jimai	pažymėjimas pažymėjimo pažymėjimui pažymėjimą pažymėjimu pažymėjime pažymėjimai pažymėjimų pažymėjimams pažymėjimus pažymėjimais pažymėjimuose
tiltas	noun	ti̇̀ltas / tìltai	tiltas tilto tiltui tiltą tiltu tilte tiltai tiltų tiltams tiltus tiltais tiltuose
perėja	noun	pérėja / pérėjos	perėja perėjos perėjai perėją perėja perėjoje perėjos perėjų perėjoms perėjas perėjomis perėjose
policija	noun	poli̇̀cija / polìcijos	policija policijos policijai policiją policija policijoje policijos policijų policijoms policijas policijomis policijose
bauda	noun	baudà / baudõs	bauda baudos baudai baudą bauda baudoje baudos baudų baudoms baudas baudomis baudose
kilometras	noun	kilomètras / kilomètrai	kilometras kilometro kilometrui kilometrą kilometru kilometre kilometrai kilometrų kilometrams kilometrus kilometrais kilometruose
ekskursija	noun	ekskùrsija / ekskùrsijos	ekskursija ekskursijos ekskursijai ekskursiją ekskursija ekskursijoje ekskursijos ekskursijų ekskursijoms ekskursijas ekskursijomis ekskursijose
turistas	noun	turìstas / turìstai	turistas turisto turistui turistą turistu turiste turistai turistų turistams turistus turistais turistuose
gidas	noun	gìdas / gìdai	gidas gido gidui gidą gidu gide gidai gidų gidams gidus gidais giduose
paminklas	noun	pamiñklas / pamiñklai	paminklas paminklo paminklui paminklą paminklu paminkle paminklai paminklų paminklams paminklus paminklais paminkluose
kempingas	noun	kem̃pingas / kem̃pingai	kempingas kempingo kempingui kempingą kempingu kempinge kempingai kempingų kempingams kempingus kempingais kempinguose
rankinė	noun	rañkinė / rañkinės	rankinė rankinės rankinei rankinę rankine rankinėje rankinės rankinių rankinėms rankines rankinėmis rankinėse
pasienis	noun	pasíenis / pasíeniai	pasienis pasienio pasieniui pasienį pasieniu pasienyje pasieniai pasienių pasieniams pasienius pasieniais pasieniuose
viza	noun	vizà / vìzos	viza vizos vizai vizą viza vizoje vizos vizų vizoms vizas vizomis vizose
muitininkas	noun	muĩtininkas / muĩtininkai	muitininkas muitininko muitininkui muitininką muitininku muitininke muitininkai muitininkų muitininkams muitininkus muitininkais muitininkuose
kortelė	noun	kortẽlė / kortẽlės	kortelė kortelės kortelei kortelę kortele kortelėje kortelės kortelių kortelėms korteles kortelėmis kortelėse
bendradarbis	noun	bendradar̃bis / bendradar̃biai	bendradarbis bendradarbio bendradarbiui bendradarbį bendradarbiu bendradarbyje bendradarbiai bendradarbių bendradarbiams bendradarbius bendradarbiais bendradarbiuose
draugauti	verb	draugáuti, draugáuja, draugãvo	draugauti draugauja draugavo
viešnia	noun	viešnià / viešniõs	viešnia viešnios viešniai viešnią viešnia viešnioje viešnios viešnių viešnioms viešnias viešniomis viešniose
pasimatymas	noun	pasimãtymas / pasimãtymai	pasimatymas pasimatymo pasimatymui pasimatymą pasimatymu pasimatyme pasimatymai pasimatymų pasimatymams pasimatymus pasimatymais pasimatymuose
pasakoti	verb	pãsakoti, pãsakoja, pãsakojo	pasakoti pasakoja pasakojo
paštas	noun	pãštas / pãštai	paštas pašto paštui paštą paštu pašte paštai paštų paštams paštus paštais paštuose
atvirukas	noun	atvirùkas / atvirùkai	atvirukas atviruko atvirukui atviruką atviruku atviruke atvirukai atvirukų atvirukams atvirukus atvirukais atvirukuose
gauti	verb	gáuti, gáuna, gãvo	gauti gaunu gauni gauna gauname gaunate gavau gavai gavo gavome gavote
vyriausybė	noun	vyriausýbė / vyriausýbės	vyriausybė vyriausybės vyriausybei vyriausybę vyriausybe vyriausybėje vyriausybės vyriausybių vyriausybėms vyriausybes vyriausybėmis vyriausybėse
terorizmas	noun	terorìzmas / terorizmai	terorizmas terorizmo terorizmui terorizmą terorizmu terorizme terorizmai terorizmų terorizmams terorizmus terorizmais terorizmuose
notaras	noun	notãras / notãrai	notaras notaro notarui notarą notaru notare notarai notarų notarams notarus notarais notaruose
taika	noun	taikà / taikõs	taika taikos taikai taiką taika taikoje taikos taikų taikoms taikas taikomis taikose
konfliktas	noun	konflìktas / konflìktai	konfliktas konflikto konfliktui konfliktą konfliktu konflikte konfliktai konfliktų konfliktams konfliktus konfliktais konfliktuose
šautuvas	noun	šáutuvas / šáutuvai	šautuvas šautuvo šautuvui šautuvą šautuvu šautuve šautuvai šautuvų šautuvams šautuvus šautuvais šautuvuose
kremas	noun	krèmas / krèmai	kremas kremo kremui kremą kremu kreme kremai kremų kremams kremus kremais kremuose
skalbykla	noun	skalbyklà / skalbỹklos	skalbykla skalbyklos skalbyklai skalbyklą skalbykla skalbykloje skalbyklos skalbyklų skalbykloms skalbyklas skalbyklomis skalbyklose
sveikata	noun	sveikatà / sveikãtos	sveikata sveikatos sveikatai sveikatą sveikata sveikatoje sveikatos sveikatų sveikatoms sveikatas sveikatomis sveikatose
ligonis	noun	ligónis / ligóniai	ligonis ligonio ligoniui ligonį ligoniu ligonyje ligoniai ligonių ligoniams ligonius ligoniais ligoniuose
gripas	noun	grìpas / grìpai	gripas gripo gripui gripą gripu gripe gripai gripų gripams gripus gripais gripuose
angina	noun	anginà / angìnos	angina anginos anginai anginą angina anginoje anginos anginų anginoms anginas anginomis anginose
uždegimas	noun	uždegìmas / uždegìmai	uždegimas uždegimo uždegimui uždegimą uždegimu uždegime uždegimai uždegimų uždegimams uždegimus uždegimais uždegimuose
operacija	noun	operãcija / operãcijos	operacija operacijos operacijai operaciją operacija operacijoje operacijos operacijų operacijoms operacijas operacijomis operacijose
epidemija	noun	epidèmija / epidèmijos	epidemija epidemijos epidemijai epidemiją epidemija epidemijoje epidemijos epidemijų epidemijoms epidemijas epidemijomis epidemijose
odontologas	noun	odontològas / odontològai	odontologas odontologo odontologui odontologą odontologu odontologe odontologai odontologų odontologams odontologus odontologais odontologuose
chirurgas	noun	chirùrgas / chirùrgai	chirurgas chirurgo chirurgui chirurgą chirurgu chirurge chirurgai chirurgų chirurgams chirurgus chirurgais chirurguose
slaugytojas	noun	slaugýtojas / slaugýtojai	slaugytojas slaugytojo slaugytojui slaugytoją slaugytoju slaugytoje slaugytojai slaugytojų slaugytojams slaugytojus slaugytojais slaugytojuose
vaistininkas	noun	váistininkas / váistininkai	vaistininkas vaistininko vaistininkui vaistininką vaistininku vaistininke vaistininkai vaistininkų vaistininkams vaistininkus vaistininkais vaistininkuose
receptas	noun	recèptas / recèptai	receptas recepto receptui receptą receptu recepte receptai receptų receptams receptus receptais receptuose
kapsulė	noun	kãpsulė / kãpsulės	kapsulė kapsulės kapsulei kapsulę kapsule kapsulėje kapsulės kapsulių kapsulėms kapsules kapsulėmis kapsulėse
injekcija	noun	injèkcija / injèkcijos	injekcija injekcijos injekcijai injekciją injekcija injekcijoje injekcijos injekcijų injekcijoms injekcijas injekcijomis injekcijose
tepalas	noun	tẽpalas / tepalaĩ	tepalas tepalo tepalui tepalą tepalu tepale tepalai tepalų tepalams tepalus tepalais tepaluose
švirkštas	noun	švir̃kštas / švir̃kštai	švirkštas švirkšto švirkštui švirkštą švirkštu švirkšte švirkštai švirkštų švirkštams švirkštus švirkštais švirkštuose
ampulė	noun	ámpulė / ámpulės	ampulė ampulės ampulei ampulę ampule ampulėje ampulės ampulių ampulėms ampules ampulėmis ampulėse
klinika	noun	klìnika / klìnikos	klinika klinikos klinikai kliniką klinika klinikoje klinikos klinikų klinikoms klinikas klinikomis klinikose
sanatorija	noun	sanatòrija / sanatòrijos	sanatorija sanatorijos sanatorijai sanatoriją sanatorija sanatorijoje sanatorijos sanatorijų sanatorijoms sanatorijas sanatorijomis sanatorijose
registratūra	noun	registratūrà / registratū̃ros	registratūra registratūros registratūrai registratūrą registratūra registratūroje registratūros registratūrų registratūroms registratūras registratūromis registratūrose
palata	noun	palatà / palãtos	palata palatos palatai palatą palata palatoje palatos palatų palatoms palatas palatomis palatose
optika	noun	òptika / òptikos	optika optikos optikai optiką optika optikoje optikos optikų optikoms optikas optikomis optikose
ragauti	verb	ragáuti, ragáuja, ragãvo	ragauti ragauja ragavo
rakinti	verb	rakìnti, rakìna, rakìno	rakinti rakina rakino
kursas	noun	kùrsas / kùrsai	kursas kurso kursui kursą kursu kurse kursai kursų kursams kursus kursais kursuose
trimestras	noun	trimèstras / trimèstrai	trimestras trimestro trimestrui trimestrą trimestru trimestre trimestrai trimestrų trimestrams trimestrus trimestrais trimestruose
auklėtojas	noun	áuklėtojas / áuklėtojai	auklėtojas auklėtojo auklėtojui auklėtoją auklėtoju auklėtoje auklėtojai auklėtojų auklėtojams auklėtojus auklėtojais auklėtojuose
matematika	noun	matemãtika / matemãtikos	matematika matematikos matematikai matematiką matematika matematikoje matematikos matematikų matematikoms matematikas matematikomis matematikose
sąsiuvinis	noun	są́siuvinis / są́siuviniai	sąsiuvinis sąsiuvinio sąsiuviniui sąsiuvinį sąsiuviniu sąsiuvinyje sąsiuviniai sąsiuvinių sąsiuviniams sąsiuvinius sąsiuviniais sąsiuviniuose
pratimas	noun	pratìmas / pratìmai	pratimas pratimo pratimui pratimą pratimu pratime pratimai pratimų pratimams pratimus pratimais pratimuose
testas	noun	tèstas / tèstai	testas testo testui testą testu teste testai testų testams testus testais testuose
sesija	noun	sèsija / sèsijos	sesija sesijos sesijai sesiją sesija sesijoje sesijos sesijų sesijoms sesijas sesijomis sesijose
diplomas	noun	diplòmas / diplòmai	diplomas diplomo diplomui diplomą diplomu diplome diplomai diplomų diplomams diplomus diplomais diplomuose
knygynas	noun	knygýnas / knygýnai	knygynas knygyno knygynui knygyną knygynu knygyne knygynai knygynų knygynams knygynus knygynais knygynuose
grąža	noun	grąžà / grąžõs	grąža grąžos grąžai grąžą grąža grąžoje grąžos grąžų grąžoms grąžas grąžomis grąžose
instrukcija	noun	instrùkcija / instrùkcijos	instrukcija instrukcijos instrukcijai instrukciją instrukcija instrukcijoje instrukcijos instrukcijų instrukcijoms instrukcijas instrukcijomis instrukcijose
kostiumas	noun	kostiùmas / kostiùmai	kostiumas kostiumo kostiumui kostiumą kostiumu kostiume kostiumai kostiumų kostiumams kostiumus kostiumais kostiumuose
megztinis	noun	megztìnis / megztìniai	megztinis megztinio megztiniui megztinį megztiniu megztinyje megztiniai megztinių megztiniams megztinius megztiniais megztiniuose
striukė	noun	striùkė / striùkės	striukė striukės striukei striukę striuke striukėje striukės striukių striukėms striukes striukėmis striukėse
suknelė	noun	suknẽlė / suknẽlės	suknelė suknelės suknelei suknelę suknele suknelėje suknelės suknelių suknelėms sukneles suknelėmis suknelėse
švarkas	noun	švar̃kas / švarkaĩ	švarkas švarko švarkui švarką švarku švarke švarkai švarkų švarkams švarkus švarkais švarkuose
užtrauktukas	noun	užtrauktùkas / užtrauktùkai	užtrauktukas užtrauktuko užtrauktukui užtrauktuką užtrauktuku užtrauktuke užtrauktukai užtrauktukų užtrauktukams užtrauktukus užtrauktukais užtrauktukuose
piniginė	noun	pinigìnė / pinigìnės	piniginė piniginės piniginei piniginę pinigine piniginėje piniginės piniginių piniginėms pinigines piniginėmis piniginėse
grandinėlė	noun	grandinė̃lė / grandinė̃lės	grandinėlė grandinėlės grandinėlei grandinėlę grandinėle grandinėlėje grandinėlės grandinėlių grandinėlėms grandinėles grandinėlėmis grandinėlėse
nešioti	verb	nešióti, nešiója, nešiójo	nešioti nešioja nešiojo
mada	noun	madà / madõs	mada mados madai madą mada madoje mados madų madoms madas madomis madose
šaukštelis	noun	šaukštẽlis / šaukštẽliai	šaukštelis šaukštelio šaukšteliui šaukštelį šaukšteliu šaukštelyje šaukšteliai šaukštelių šaukšteliams šaukštelius šaukšteliais šaukšteliuose
keptuvė	noun	keptùvė / keptùvės	keptuvė keptuvės keptuvei keptuvę keptuve keptuvėje keptuvės keptuvių keptuvėms keptuves keptuvėmis keptuvėse
stiklainis	noun	stiklaĩnis / stiklaĩniai	stiklainis stiklainio stiklainiui stiklainį stiklainiu stiklainyje stiklainiai stiklainių stiklainiams stiklainius stiklainiais stiklainiuose
staltiesė	noun	stáltiesė / stáltiesės	staltiesė staltiesės staltiesei staltiesę staltiese staltiesėje staltiesės staltiesių staltiesėms staltieses staltiesėmis staltiesėse
servetėlė	noun	servetė̃lė / servetė̃lės	servetėlė servetėlės servetėlei servetėlę servetėle servetėlėje servetėlės servetėlių servetėlėms servetėles servetėlėmis servetėlėse
vaza	noun	vazà / vãzos	vaza vazos vazai vazą vaza vazoje vazos vazų vazoms vazas vazomis vazose
tušinukas	noun	tušinùkas / tušinùkai	tušinukas tušinuko tušinukui tušinuką tušinuku tušinuke tušinukai tušinukų tušinukams tušinukus tušinukais tušinukuose
flomasteris	noun	flomãsteris / flomãsteriai	flomasteris flomasterio flomasteriui flomasterį flomasteriu flomasteryje flomasteriai flomasterių flomasteriams flomasterius flomasteriais flomasteriuose
parkeris	noun	párkeris / párkeriai	parkeris parkerio parkeriui parkerį parkeriu parkeryje parkeriai parkerių parkeriams parkerius parkeriais parkeriuose
indelis	noun	indẽlis / indẽliai	indelis indelio indeliui indelį indeliu indelyje indeliai indelių indeliams indelius indeliais indeliuose
valgis	noun	val̃gis / val̃giai	valgis valgio valgiui valgį valgiu valgyje valgiai valgių valgiams valgius valgiais valgiuose
kiaušinienė	noun	kiaušiniẽnė / kiaušiniẽnės	kiaušinienė kiaušinienės kiaušinienei kiaušinienę kiaušiniene kiaušinienėje kiaušinienės kiaušinienių kiaušinienėms kiaušinienes kiaušinienėmis kiaušinienėse
omletas	noun	omlètas / omlètai	omletas omleto omletui omletą omletu omlete omletai omletų omletams omletus omletais omletuose
kodas	noun	kòdas / kòdai	kodas kodo kodui kodą kodu kode kodai kodų kodams kodus kodais koduose
terminalas	noun	terminãlas / terminãlai	terminalas terminalo terminalui terminalą terminalu terminale terminalai terminalų terminalams terminalus terminalais terminaluose
bankomatas	noun	bankomãtas / bankomãtai	bankomatas bankomato bankomatui bankomatą bankomatu bankomate bankomatai bankomatų bankomatams bankomatus bankomatais bankomatuose
valiuta	noun	valiutà / valiùtos	valiuta valiutos valiutai valiutą valiuta valiutoje valiutos valiutų valiutoms valiutas valiutomis valiutose
nuovada	noun	núovada / núovados	nuovada nuovados nuovadai nuovadą nuovada nuovadoje nuovados nuovadų nuovadoms nuovadas nuovadomis nuovadose
siuvykla	noun	siuvyklà / siuvỹklos	siuvykla siuvyklos siuvyklai siuvyklą siuvykla siuvykloje siuvyklos siuvyklų siuvykloms siuvyklas siuvyklomis siuvyklose
taisykla	noun	taisyklà / taisỹklos	taisykla taisyklos taisyklai taisyklą taisykla taisykloje taisyklos taisyklų taisykloms taisyklas taisyklomis taisyklose
valykla	noun	valyklà / valỹklos	valykla valyklos valyklai valyklą valykla valykloje valyklos valyklų valykloms valyklas valyklomis valyklose
autoservisas	noun	autoser̃visas / autoser̃visai	autoservisas autoserviso autoservisui autoservisą autoservisu autoservise autoservisai autoservisų autoservisams autoservisus autoservisais autoservisuose
padanga	noun	padangà / padangõs	padanga padangos padangai padangą padanga padangoje padangos padangų padangoms padangas padangomis padangose
degalinė	noun	degalìnė / degalìnės	degalinė degalinės degalinei degalinę degaline degalinėje degalinės degalinių degalinėms degalines degalinėmis degalinėse
benzinas	noun	benzìnas / benzìnai	benzinas benzino benzinui benziną benzinu benzine benzinai benzinų benzinams benzinus benzinais benzinuose
plovykla	noun	plovyklà / plovỹklos	plovykla plovyklos plovyklai plovyklą plovykla plovykloje plovyklos plovyklų plovykloms plovyklas plovyklomis plovyklose
antakis	noun	añtakis / añtakiai	antakis antakio antakiui antakį antakiu antakyje antakiai antakių antakiams antakius antakiais antakiuose
antra	noun	antrà / antrõs	antra antros antrai antrą antra antroje antros antrų antroms antras antromis antrose
audra	noun	áudra / audrõs	audra audros audrai audrą audra audroje audros audrų audroms audras audromis audrose
baklažanas	noun	baklažãnas / baklažãnai	baklažanas baklažano baklažanui baklažaną baklažanu baklažane baklažanai baklažanų baklažanams baklažanus baklažanais baklažanuose
baravykas	noun	baravỹkas / baravỹkai	baravykas baravyko baravykui baravyką baravyku baravyke baravykai baravykų baravykams baravykus baravykais baravykuose
galvoti	verb	galvóti, galvója, galvójo	galvoti galvoja galvojo
gira	noun	girà / girõs	gira giros girai girą gira giroje giros girų giroms giras giromis girose
jogurtas	noun	jogùrtas / jogurtai	jogurtas jogurto jogurtui jogurtą jogurtu jogurte jogurtai jogurtų jogurtams jogurtus jogurtais jogurtuose
kailis	noun	káilis / káiliai	kailis kailio kailiui kailį kailiu kailyje kailiai kailių kailiams kailius kailiais kailiuose
kakava	noun	kakavà / kakãvos	kakava kakavos kakavai kakavą kakava kakavoje kakavos kakavų kakavoms kakavas kakavomis kakavose
kakta	noun	kaktà / kaktõs	kakta kaktos kaktai kaktą kakta kaktoje kaktos kaktų kaktoms kaktas kaktomis kaktose
kamienas	noun	kamíenas / kamíenai	kamienas kamieno kamienui kamieną kamienu kamiene kamienai kamienų kamienams kamienus kamienais kamienuose
kibiras	noun	kìbiras / kibiraĩ	kibiras kibiro kibirui kibirą kibiru kibire kibirai kibirų kibirams kibirus kibirais kibiruose
latvis	noun	lãtvis / lãtviai	latvis latvio latviui latvį latviu latvyje latviai latvių latviams latvius latviais latviuose
lašiša	noun	lašišà / lašìšos	lašiša lašišos lašišai lašišą lašiša lašišoje lašišos lašišų lašišoms lašišas lašišomis lašišose
lyginti	verb	lýginti, lýgina, lýgino	lyginti lygina lygino
medus	noun	medùs / mẽdūs	medus medaus medui medų medumi meduje medūs medų medums medus medumis meduose
miegmaišis	noun	miẽgmaišis / miẽgmaišiai	miegmaišis miegmaišio miegmaišiui miegmaišį miegmaišiu miegmaišyje miegmaišiai miegmaišių miegmaišiams miegmaišius miegmaišiais miegmaišiuose
ministerija	noun	ministèrija / ministèrijos	ministerija ministerijos ministerijai ministeriją ministerija ministerijoje ministerijos ministerijų ministerijoms ministerijas ministerijomis ministerijose
musmirė	noun	mùsmirė / mùsmirės	musmirė musmirės musmirei musmirę musmire musmirėje musmirės musmirių musmirėms musmires musmirėmis musmirėse
padavėja	noun	padavė́ja / padavė́jos	padavėja padavėjos padavėjai padavėją padavėja padavėjoje padavėjos padavėjų padavėjoms padavėjas padavėjomis padavėjose
para	noun	parà / parõs	para paros parai parą para paroje paros parų paroms paras paromis parose
paroda	noun	parodà / parodõs	paroda parodos parodai parodą paroda parodoje parodos parodų parodoms parodas parodomis parodose
pirma	noun	pirmà / pirmõs	pirma pirmos pirmai pirmą pirma pirmoje pirmos pirmų pirmoms pirmas pirmomis pirmose
pižama	noun	pižamà / pižãmos	pižama pižamos pižamai pižamą pižama pižamoje pižamos pižamų pižamoms pižamas pižamomis pižamose
pyragas	noun	pyrãgas / pyrãgai	pyragas pyrago pyragui pyragą pyragu pyrage pyragai pyragų pyragams pyragus pyragais pyraguose
pėda	noun	pėdà / pėdõs	pėda pėdos pėdai pėdą pėda pėdoje pėdos pėdų pėdoms pėdas pėdomis pėdose
rumunas	noun	rumùnas / rumùnai	rumunas rumuno rumunui rumuną rumunu rumune rumunai rumunų rumunams rumunus rumunais rumunuose
rūsys	noun	rūsỹs / rūsiaĩ	rūsys rūsio rūsiui rūsį rūsiu rūsyje rūsiai rūsių rūsiams rūsius rūsiais rūsiuose
rūta	noun	rūtà / rū̃tos	rūta rūtos rūtai rūtą rūta rūtoje rūtos rūtų rūtoms rūtas rūtomis rūtose
saga	noun	sagà / sãgos	saga sagos sagai sagą saga sagoje sagos sagų sagoms sagas sagomis sagose
saldainis	noun	saldai̇̃nis / saldaĩniai	saldainis saldainio saldainiui saldainį saldainiu saldainyje saldainiai saldainių saldainiams saldainius saldainiais saldainiuose
skrybėlė	noun	skrybėlė̃ / skrybėlė̃s	skrybėlė skrybėlės skrybėlei skrybėlę skrybėle skrybėlėje skrybėlės skrybėlių skrybėlėms skrybėles skrybėlėmis skrybėlėse
smakras	noun	smãkras / smãkrai	smakras smakro smakrui smakrą smakru smakre smakrai smakrų smakrams smakrus smakrais smakruose
tvartas	noun	tvártas / tvártai	tvartas tvarto tvartui tvartą tvartu tvarte tvartai tvartų tvartams tvartus tvartais tvartuose
tvora	noun	tvorà / tvorõs	tvora tvoros tvorai tvorą tvora tvoroje tvoros tvorų tvoroms tvoras tvoromis tvorose
uogauti	verb	uogáuti, uogáuja, uogãvo	uogauti uogauja uogavo
vadinti	verb	vadi̇̀nti, vadìna, vadìno	vadinti vadina vadino
vaikščioti	verb	váikščioti, váikščioja, váikščiojo	vaikščioti vaikščioja vaikščiojo
žaibas	noun	žai̇̃bas / žaibaĩ	žaibas žaibo žaibui žaibą žaibu žaibe žaibai žaibų žaibams žaibus žaibais žaibuose
žiūrovas	noun	žiūrõvas / žiūrõvai	žiūrovas žiūrovo žiūrovui žiūrovą žiūrovu žiūrove žiūrovai žiūrovų žiūrovams žiūrovus žiūrovais žiūrovuose
daiktas	noun	dáiktas / daiktaĩ	daiktas daikto daiktui daiktą daiktu daikte daiktai daiktų daiktams daiktus daiktais daiktuose
viršus	noun	viršùs / vir̃šūs	viršus viršaus viršui viršų viršumi viršuje viršūs viršų viršums viršus viršumis viršuose
kvapas	noun	kvãpas / kvapaĩ	kvapas kvapo kvapui kvapą kvapu kvape kvapai kvapų kvapams kvapus kvapais kvapuose
spalva	noun	spalvà / spalvõs	spalva spalvos spalvai spalvą spalva spalvoje spalvos spalvų spalvoms spalvas spalvomis spalvose
avis	noun	avi̇̀s / ãvys	avis avies aviai avį avimi avyje avys avių avims avis avimis avyse
atsiminti	verb	atsimiñti, atsìmena, atsìminė	atsiminti atsimenu atsimeni atsimena atsimename atsimenate atsiminiau atsiminei atsiminė atsiminėme atsiminėte atsiminsiu atsiminsi atsimins atsimink atsiminkite
basutės	noun	basùtė / basùtės	basutė basutės basutei basutę basute basutėje basučių basutėms basutes basutėmis basutėse
dribsniai	noun	drìbsnis / drìbsniai	dribsnis dribsnio dribsniui dribsnį dribsniu dribsnyje dribsniai dribsnių dribsniams dribsnius dribsniais dribsniuose
gulėti	verb	gulė́ti, gùli, gulė́jo	gulėti guliu guli gulime gulite gulėjau gulėjai gulėjo gulėjome gulėjote gulėsiu gulėsi gulės gulėk gulėkite
jausti	verb	jaũsti, jaũčia, jaũtė	jausti jaučiu jauti jaučia jaučiame jaučiate jaučiau jautei jautė jautėme jautėte jausiu jausi jaus jausk jauskite
kaklaraištis	noun	kaklãraištis / kaklãraiščiai	kaklaraištis kaklaraiščio kaklaraiščiui kaklaraištį kaklaraiščiu kaklaraištyje kaklaraiščiai kaklaraiščių kaklaraiščiams kaklaraiščius kaklaraiščiais kaklaraiščiuose
kirptis	verb	kir̃ptis, ker̃pasi, kir̃posi	kirptis kerpuosi kerpiesi kerpasi kerpamės kerpatės kirpausi kirpaisi kirposi kirpomės kirpotės kirpsiuosi kirpsiesi kirpsis kirpkis kirpkitės
kraujospūdis	noun	kraujóspūdis / kraujóspūdžiai	kraujospūdis kraujospūdžio kraujospūdžiui kraujospūdį kraujospūdžiu kraujospūdyje kraujospūdžiai kraujospūdžių kraujospūdžiams kraujospūdžius kraujospūdžiais kraujospūdžiuose
laikai	noun	laĩkas / laikaĩ	laikai laikų laikams laikus laikais laikuose laikas laiko laikui laiką laiku laike
matuoti	verb	matúoti, matúoja, matãvo	matuoti matuoju matuoji matuoja matuojame matuojate matavau matavai matavo matavome matavote matuosiu matuosi matuos matuok matuokite
milteliai	noun	miltẽliai (tik dgs.)	milteliai miltelių milteliams miltelius milteliais milteliuose
mirti	verb	mir̃ti, mìršta, mìrė	mirti mirštu miršti miršta mirštame mirštate miriau mirei mirė mirėme mirėte mirsiu mirsi mirs mirk mirkite
narkotikai	noun	narkòtikas / narkòtikai	narkotikai narkotikų narkotikams narkotikus narkotikais narkotikuose narkotikas narkotiko narkotikui narkotiką narkotiku narkotike
pakeisti	verb	pakeĩsti, pakeĩčia, pàkeitė	pakeisti pakeičiu pakeiti pakeičia pakeičiame pakeičiate pakeičiau pakeitei pakeitė pakeitėme pakeitėte pakeisiu pakeisi pakeis pakeisk pakeiskite
parodyti	verb	paródyti, paródo, paródė	parodyti parodau parodai parodo parodome parodote parodžiau parodei parodė parodėme parodėte parodysiu parodysi parodys parodyk parodykite
pilti	verb	pi̇̀lti, pìla, pýlė	pilti pilu pili pila pilame pilate pyliau pylei pylė pylėme pylėte pilsiu pilsi pils pilk pilkite
prisiminti	verb	prisimìnti, prisìmena, prisìminė	prisiminti prisimenu prisimeni prisimena prisimename prisimenate prisiminiau prisiminei prisiminė prisiminėme prisiminėte prisiminsiu prisiminsi prisimins prisimink prisiminkite
puikus	adj	puikùs / puikì	puikus puiki puikaus puikios puikiam puikiai puikų puikią puikiu puikia puikiame puikioje puikūs puikios puikių puikiems puikioms puikius puikias puikiais puikiomis puikiuose puikiose
rezervuoti	verb	rezervúoti, rezervúoja, rezervãvo	rezervuoti rezervuoju rezervuoji rezervuoja rezervuojame rezervuojate rezervavau rezervavai rezervavo rezervavome rezervavote rezervuosiu rezervuosi rezervuos rezervuok rezervuokite
rūgštus	adj	rūgštùs / rūgštì	rūgštus rūgšti rūgštaus rūgščios rūgščiam rūgščiai rūgštų rūgščią rūgščiu rūgščia rūgščiame rūgščioje rūgštūs rūgščios rūgščių rūgštiems rūgščioms rūgščius rūgščias rūgščiais rūgščiomis rūgščiuose rūgščiose
saldus	adj	saldùs / saldì	saldus saldi saldaus saldžios saldžiam saldžiai saldų saldžią saldžiu saldžia saldžiame saldžioje saldūs saldžios saldžių saldiems saldžioms saldžius saldžias saldžiais saldžiomis saldžiuose saldžiose
skrandis	noun	skrañdis / skrañdžiai	skrandis skrandžio skrandžiui skrandį skrandžiu skrandyje skrandžiai skrandžių skrandžiams skrandžius skrandžiais skrandžiuose
stumti	verb	stùmti, stùmia, stū́mė	stumti stumiu stumi stumia stumiame stumiate stūmiau stūmei stūmė stūmėme stūmėte stumsiu stumsi stums stumk stumkite
susitarti	verb	susitar̃ti, susìtaria, susìtarė	susitarti susitariu susitari susitaria susitariame susitariate susitariau susitarei susitarė susitarėme susitarėte susitarsiu susitarsi susitars susitark susitarkite
tabletė	noun	tablètė / tablètės	tabletė tabletės tabletei tabletę tablete tabletėje tablečių tabletėms tabletes tabletėmis tabletėse
tikėtis	verb	tikė́tis, tìkisi, tikė́josi	tikėtis tikiuosi tikiesi tikisi tikimės tikitės tikėjausi tikėjaisi tikėjosi tikėjomės tikėjotės tikėsiuosi tikėsiesi tikėsis tikėkis tikėkitės
trukti	verb	trùkti, truñka, trùko	trukti trunku trunki trunka trunkame trunkate trukau trukai truko trukome trukote truksiu truksi truks
užmiršti	verb	užmir̃šti, užmir̃šta, užmir̃šo	užmiršti užmirštu užmiršti užmiršta užmirštame užmirštate užmiršau užmiršai užmiršo užmiršome užmiršote užmiršiu užmirši užmirš užmiršk užmirškite
vaivorykštė	noun	vaivórykštė / vaivórykštės	vaivorykštė vaivorykštės vaivorykštei vaivorykštę vaivorykšte vaivorykštėje vaivorykščių vaivorykštėms vaivorykštes vaivorykštėmis vaivorykštėse
vidurnaktis	noun	vidùrnaktis / vidùrnakčiai	vidurnaktis vidurnakčio vidurnakčiui vidurnaktį vidurnakčiu vidurnaktyje vidurnakčiai vidurnakčių vidurnakčiams vidurnakčius vidurnakčiais vidurnakčiuose
voveraitė	noun	voveráitė / voveráitės	voveraitė voveraitės voveraitei voveraitę voveraite voveraitėje voveraičių voveraitėms voveraites voveraitėmis voveraitėse
širdis	noun	širdi̇̀s / šìrdys	širdis širdies širdžiai širdį širdimi širdyje širdys širdžių širdims širdis širdimis širdyse
šypsotis	verb	šypsótis, šypsósi, šypsójosi	šypsotis šypsausi šypsaisi šypsosi šypsomės šypsotės šypsojausi šypsojaisi šypsojosi šypsojomės šypsojotės šypsosiuosi šypsosiesi šypsosis šypsokis šypsokitės
apsinuodyti	verb	apsinuõdyti, apsinuõdija, apsinuõdijo	apsinuodyti apsinuodiju apsinuodiji apsinuodija apsinuodijame apsinuodijate apsinuodijau apsinuodijai apsinuodijo apsinuodijome apsinuodijote apsinuodysiu apsinuodysi apsinuodys apsinuodysime apsinuodysite apsinuodyk apsinuodykite
augti	verb	áugti, áuga, áugo	augti augu augi auga augame augate augau augai augo augome augote augsiu augsi augs augsime augsite auk aukite
aštrus	adj	aštrùs / aštrì	aštrus aštri aštraus aštrios aštriam aštriai aštrų aštrią aštriu aštria aštriame aštrioje aštrūs aštrių aštriems aštrioms aštrius aštrias aštriais aštriomis aštriuose aštriose
batai	noun	bãtas / bãtai	batai batų batams batus batais batuose batas bato batui batą batu bate
džiaugtis	verb	džiaũgtis, džiaũgiasi, džiaũgėsi	džiaugtis džiaugiuosi džiaugiesi džiaugiasi džiaugiamės džiaugiatės džiaugiausi džiaugeisi džiaugėsi džiaugėmės džiaugėtės džiaugsiuosi džiaugsiesi džiaugsis džiaugsimės džiaugsitės džiaukis džiaukitės
gerbti	verb	ger̃bti, ger̃bia, ger̃bė	gerbti gerbiu gerbi gerbia gerbiame gerbiate gerbiau gerbei gerbė gerbėme gerbėte gerbsiu gerbsi gerbs gerbsime gerbsite gerbk gerbkite
ilsėtis	verb	ilsė́tis, ìlsisi, ilsė́josi	ilsėtis ilsiuosi ilsiesi ilsisi ilsimės ilsitės ilsėjausi ilsėjaisi ilsėjosi ilsėjomės ilsėjotės ilsėsiuosi ilsėsiesi ilsėsis ilsėkis ilsėkitės
juoktis	verb	juõktis, juõkiasi, juõkėsi	juoktis juokiuosi juokiesi juokiasi juokiamės juokiatės juokiausi juokeisi juokėsi juokėmės juokėtės juoksiuosi juoksiesi juoksis juokis juokitės
kalendorius	noun	kalendõrius / kalendõriai	kalendorius kalendoriaus kalendoriui kalendorių kalendoriumi kalendoriuje kalendoriai kalendorių kalendoriams kalendorius kalendoriais kalendoriuose
kojinės	noun	kójinė / kójinės	kojinės kojinių kojinėms kojines kojinėmis kojinėse kojinė kojinei kojinę kojine kojinėje
krikštynos	noun	krikštỹnos (tik dgs.)	krikštynos krikštynų krikštynoms krikštynas krikštynomis krikštynose
liudyti	verb	liùdyti, liùdija, liùdijo	liudyti liudiju liudiji liudija liudijame liudijate liudijau liudijai liudijo liudijome liudijote liudysiu liudysi liudys liudysime liudysite liudyk liudykite
matuotis	verb	matúotis, matúojasi, matãvosi	matuotis matuojuosi matuojiesi matuojasi matuojamės matuojatės matavausi matavaisi matavosi matavomės matavotės matuosiuosi matuosiesi matuosis matuokis matuokitės
mineralinis	adj	minerãlinis / minerãlinė	mineralinis mineralinė mineralinio mineralinės mineraliniam mineralinei mineralinį mineralinę mineraliniu mineraline mineraliniame mineralinėje mineraliniai mineralinių mineraliniams mineralinėms mineralinius mineralines mineraliniais mineralinėmis mineraliniuose mineralinėse
mokestis	noun	mókestis / mókesčiai	mokestis mokesčio mokesčiui mokestį mokesčiu mokestyje mokesčiai mokesčių mokesčiams mokesčius mokesčiais mokesčiuose
nervintis	verb	ner̃vintis, ner̃vinasi, ner̃vinosi	nervintis nervinuosi nerviniesi nervinasi nervinamės nervinatės nervinausi nervinaisi nervinosi nervinomės nervinotės nervinsiuosi nervinsiesi nervinsis nervinkis nervinkitės
pakelis	noun	pakẽlis / pakẽliai	pakelio pakeliui pakelį pakeliu pakelyje pakeliai pakelių pakeliams pakelius pakeliais pakeliuose
patenkintas	adj	paténkintas / paténkinta	patenkintas patenkinta patenkinto patenkintos patenkintam patenkintai patenkintą patenkintu patenkintame patenkintoje patenkinti patenkintų patenkintiems patenkintoms patenkintus patenkintas patenkintais patenkintomis patenkintuose patenkintose
pipirai	noun	pipìras / pipìrai	pipirai pipirų pipirams pipirus pipirais pipiruose pipiras pipiro pipirui pipirą pipiru pipire
pristatyti	verb	pristatýti, pristãto, pristãtė	pristatyti pristatau pristatai pristato pristatome pristatote pristačiau pristatei pristatė pristatėme pristatėte pristatysiu pristatysi pristatys pristatysime pristatysite pristatyk pristatykite
purvinas	adj	pur̃vinas / purvinà	purvinas purvina purvino purvinos purvinam purvinai purviną purvinu purviname purvinoje purvini purvinų purviniems purvinoms purvinus purvinas purvinais purvinomis purvinuose purvinose
rugpjūtis	noun	rugpjū́tis / rugpjū́čiai	rugpjūtis rugpjūčio rugpjūčiui rugpjūtį rugpjūčiu rugpjūtyje rugpjūčiai rugpjūčių rugpjūčiams rugpjūčius rugpjūčiais rugpjūčiuose
rūkytas	adj	rūkýtas / rūkýta	rūkytas rūkyta rūkyto rūkytos rūkytam rūkytai rūkytą rūkytu rūkytame rūkytoje rūkyti rūkytų rūkytiems rūkytoms rūkytus rūkytas rūkytais rūkytomis rūkytuose rūkytose
salotos	noun	salõtos (tik dgs.)	salotos salotų salotoms salotas salotomis salotose
slidės	noun	slìdė / slìdės	slidės slidžių slidėms slides slidėmis slidėse slidė slidei slidę slide slidėje
sumokėti	verb	sumokė́ti, sumóka, sumokė́jo	sumokėti sumoku sumoki sumoka sumokame sumokate sumokėjau sumokėjai sumokėjo sumokėjome sumokėjote sumokėsiu sumokėsi sumokės sumokėsime sumokėsite sumokėk sumokėkite
susižeisti	verb	susižeĩsti, susižeĩdžia, susìžeidė	susižeisti susižeidžiu susižeidi susižeidžia susižeidžiame susižeidžiate susižeidžiau susižeidei susižeidė susižeidėme susižeidėte susižeisiu susižeisi susižeis susižeisime susižeisite susižeisk susižeiskite
taksi	noun	taksì / taksì	taksi
tinklaraštis	noun	tinklarãštis / tinklarãščiai	tinklaraštis tinklaraščio tinklaraščiui tinklaraštį tinklaraščiu tinklaraštyje tinklaraščiai tinklaraščių tinklaraščiams tinklaraščius tinklaraščiais tinklaraščiuose
trumpas	adj	trum̃pas / trumpà	trumpas trumpa trumpo trumpos trumpam trumpai trumpą trumpu trumpame trumpoje trumpi trumpų trumpiems trumpoms trumpus trumpas trumpais trumpomis trumpuose trumpose
užsisakyti	verb	užsisakýti, užsisãko, užsisãkė	užsisakyti užsisakau užsisakai užsisako užsisakome užsisakote užsisakiau užsisakei užsisakė užsisakėme užsisakėte užsisakysiu užsisakysi užsisakys užsisakysime užsisakysite užsisakyk užsisakykite
valgiaraštis	noun	valgiãraštis / valgiãraščiai	valgiaraštis valgiaraščio valgiaraščiui valgiaraštį valgiaraščiu valgiaraštyje valgiaraščiai valgiaraščių valgiaraščiams valgiaraščius valgiaraščiais valgiaraščiuose
čiuožti	verb	čiuõžti, čiuõžia, čiuõžė	čiuožti čiuožiu čiuožia čiuožiame čiuožiate čiuožiau čiuožei čiuožė čiuožėme čiuožėte čiuošiu čiuoši čiuoš čiuošime čiuošite čiuožk čiuožkite
šlepetės	noun	šlepẽtė / šlepẽtės	šlepetės šlepečių šlepetėms šlepetes šlepetėmis šlepetėse šlepetė šlepetei šlepetę šlepete šlepetėje
žilas	adj	ži̇̀las / žilà	žilas žila žilo žilos žilam žilai žilą žilu žilame žiloje žili žilų žiliems žiloms žilus žilas žilais žilomis žiluose žilose
apvalus	adj	apvalùs / apvalì	apvalus apvali apvalaus apvalios apvaliam apvaliai apvalų apvalią apvaliu apvalia apvaliame apvalioje apvalūs apvalių apvaliems apvalioms apvalius apvalias apvaliais apvaliomis apvaliuose apvaliose
auskarai	noun	aũskaras / auskaraĩ	auskarai auskarų auskarams auskarus auskarais auskaruose auskaras auskaro auskarui auskarą auskaru auskare
baigti	verb	bai̇̃gti, baĩgia, baĩgė	baigti baigiu baigi baigia baigiame baigiate baigiau baigei baigė baigėme baigėte baigsiu baigsi baigs baigsime baigsite baik baikite
degalai	noun	degalaĩ (tik dgs.)	degalai degalų degalams degalus degalais degaluose
filmuoti	verb	filmúoti, filmúoja, filmãvo	filmuoti filmuoju filmuoji filmuoja filmuojame filmuojate filmavau filmavai filmavo filmavome filmavote filmuosiu filmuosi filmuos filmuosime filmuosite filmuok filmuokite
giedras	adj	giẽdras / giedrà	giedras giedra giedro giedros giedram giedrai giedrą giedru giedrame giedroje giedri giedrų giedriems giedroms giedrus giedras giedrais giedromis giedruose giedrose
indai	noun	iñdas / iñdai	indai indų indams indus indais induose indas indo indui indą indu inde
kabėti	verb	kabė́ti, kãba, kabė́jo	kabėti kabu kabi kaba kabame kabate kabėjau kabėjai kabėjo kabėjome kabėjote kabėsiu kabėsi kabės kabėsime kabėsite kabėk kabėkite
kolekcionuoti	verb	kolekcionúoti, kolekcionúoja, kolekcionãvo	kolekcionuoti kolekcionuoju kolekcionuoji kolekcionuoja kolekcionuojame kolekcionuojate kolekcionavau kolekcionavai kolekcionavo kolekcionavome kolekcionavote kolekcionuosiu kolekcionuosi kolekcionuos kolekcionuosime kolekcionuosite kolekcionuok kolekcionuokite
kursai	noun	kùrsas / kùrsai	kursai kursų kursams kursus kursais kursuose kursas kurso kursui kursą kursu kurse
lūžti	verb	lū́žti, lū́žta, lū́žo	lūžti lūžtu lūžta lūžtame lūžtate lūžau lūžai lūžo lūžome lūžote lūšiu lūši lūš lūšime lūšite lūžk lūžkite
megzti	verb	mègzti, mẽzga, mẽzgė	megzti mezgu mezgi mezga mezgame mezgate mezgiau mezgei mezgė mezgėme mezgėte megsiu megsi megs megsime megsite megzk megzkite
minkštas	adj	mi̇̀nkštas / minkštà	minkštas minkšta minkšto minkštos minkštam minkštai minkštą minkštu minkštame minkštoje minkšti minkštų minkštiems minkštoms minkštus minkštas minkštais minkštomis minkštuose minkštose
mokesčiai	noun	mókestis / mókesčiai	mokesčiai mokesčių mokesčiams mokesčius mokesčiais mokesčiuose mokestis mokesčio mokesčiui mokestį mokesčiu mokestyje
nudegti	verb	nudègti, nùdega, nùdegė	nudegti nudegu nudegi nudega nudegame nudegate nudegiau nudegei nudegė nudegėme nudegėte nudegsiu nudegsi nudegs nudegsime nudegsite nudek nudekite
pamesti	verb	pamèsti, pàmeta, pàmetė	pamesti pametu pameti pameta pametame pametate pamečiau pametei pametė pametėme pametėte pamesiu pamesi pames pamesime pamesite pamesk pameskite
procentai	noun	pròcentas / pròcentai	procentai procentų procentams procentus procentais procentuose procentas procento procentui procentą procentu procente
registruotis	verb	registrúotis, registrúojasi, registrãvosi	registruotis registruojuosi registruojiesi registruojasi registruojamės registruojatės registravausi registravaisi registravosi registravomės registravotės registruosiuosi registruosiesi registruosis registruosimės registruositės registruokis registruokitės
rugsėjis	noun	rugsė́jis / rugsė́jai	rugsėjis rugsėjo rugsėjui rugsėjį rugsėju rugsėjyje rugsėjai rugsėjų rugsėjams rugsėjus rugsėjais rugsėjuose
rūkyti	verb	rūkýti, rū̃ko, rū̃kė	rūkyti rūkau rūkai rūko rūkome rūkote rūkiau rūkei rūkė rūkėme rūkėte rūkysiu rūkysi rūkys rūkysime rūkysite rūkyk rūkykite
samtis	noun	sámtis / sámčiai	samtis samčio samčiui samtį samčiu samtyje samčiai samčių samčiams samčius samčiais samčiuose
sportuoti	verb	sportúoti, sportúoja, sportãvo	sportuoti sportuoju sportuoji sportuoja sportuojame sportuojate sportavau sportavai sportavo sportavome sportavote sportuosiu sportuosi sportuos sportuosime sportuosite sportuok sportuokite
susilaužyti	verb	susiláužyti, susiláužo, susiláužė	susilaužyti susilaužau susilaužai susilaužo susilaužome susilaužote susilaužiau susilaužei susilaužė susilaužėme susilaužėte susilaužysiu susilaužysi susilaužys susilaužysime susilaužysite susilaužyk susilaužykite
sveikti	verb	sveĩkti, sveĩksta, sveĩko	sveikti sveikstu sveiksti sveiksta sveikstame sveikstate sveikau sveikai sveiko sveikome sveikote sveiksiu sveiksi sveiks sveiksime sveiksite sveik sveikite
tarti	verb	tar̃ti, tãria, tãrė	tarti tariu tari taria tariame tariate tariau tarei tarė tarėme tarėte tarsiu tarsi tars tarsime tarsite tark tarkite
tramvajus	noun	tramvãjus / tramvãjai	tramvajus tramvajaus tramvajui tramvajų tramvajumi tramvajuje tramvajai tramvajams tramvajus tramvajais tramvajuose
ukrainietis	noun	ukrainiẽtis / ukrainiẽčiai	ukrainietis ukrainiečio ukrainiečiui ukrainietį ukrainiečiu ukrainietyje ukrainiečiai ukrainiečių ukrainiečiams ukrainiečius ukrainiečiais ukrainiečiuose
vaisius	noun	vai̇̃sius / vaĩsiai	vaisius vaisiaus vaisiui vaisių vaisiumi vaisiuje vaisiai vaisiams vaisiais vaisiuose
versti	verb	ver̃sti, ver̃čia, vertė̃	versti verčiu verti verčia verčiame verčiate verčiau vertei vertė vertėme vertėte versiu versi vers versime versite versk verskite
virtas	adj	vìrtas / vìrta	virtas virta virto virtos virtam virtai virtą virtu virtame virtoje virti virtų virtiems virtoms virtus virtas virtais virtomis virtuose virtose
šakutė	noun	šakùtė / šakùtės	šakutė šakutės šakutei šakutę šakute šakutėje šakučių šakutėms šakutes šakutėmis šakutėse
šventė	noun	šveñtė / šveñtės	šventė šventės šventei šventę švente šventėje švenčių šventėms šventes šventėmis šventėse
žymėti	verb	žymė́ti, žỹmi, žymė́jo	žymėti žymiu žymi žymime žymite žymėjau žymėjai žymėjo žymėjome žymėjote žymėsiu žymėsi žymės žymėsime žymėsite žymėk žymėkite
auti	verb	aũti, aũna, ãvė	auti aunu auni auna auname aunate aviau avei avė avėme avėte ausiu ausi aus ausime ausite auk aukite
baltas	adj	báltas / baltà	baltas balta balto baltos baltam baltai baltą baltu baltame baltoje balti baltų baltiems baltoms baltus baltais baltomis baltuose baltose
degtukai	noun	degtùkas / degtùkai	degtukai degtukų degtukams degtukus degtukais degtukuose degtukas degtuko degtukui degtuką degtuku degtuke
fotografuoti	verb	fotografúoti, fotografúoja, fotografãvo	fotografuoti fotografuoju fotografuoji fotografuoja fotografuojame fotografuojate fotografavau fotografavai fotografavo fotografavome fotografavote fotografuosiu fotografuosi fotografuos fotografuosime fotografuosite fotografuok fotografuokite
gultis	verb	gul̃tis, gùlasi, gùlėsi	gultis guluosi guliesi gulasi gulamės gulatės guliausi guleisi gulėsi gulėmės gulėtės gulsiuosi gulsiesi gulsis gulsimės gulsitės gulkis gulkitės
jaunas	adj	jáunas / jaunà	jaunas jauna jauno jaunos jaunam jaunai jauną jaunu jauname jaunoje jauni jaunų jauniems jaunoms jaunus jaunais jaunomis jaunuose jaunose
kailiniai	noun	kailiniaĩ (tik dgs.)	kailiniai kailinių kailiniams kailinius kailiniais kailiniuose
keptas	adj	kẽptas / keptà	keptas kepta kepto keptos keptam keptai keptą keptu keptame keptoje kepti keptų keptiems keptoms keptus keptais keptomis keptuose keptose
kontrolierius	noun	kontroliẽrius / kontroliẽriai	kontrolierius kontrolieriaus kontrolieriui kontrolierių kontrolieriumi kontrolieriuje kontrolieriai kontrolieriams kontrolieriais kontrolieriuose
kvepalai	noun	kvepalaĩ (tik dgs.)	kvepalai kvepalų kvepalams kvepalus kvepalais kvepaluose
madingas	adj	madìngas / madìnga	madingas madinga madingo madingos madingam madingai madingą madingu madingame madingoje madingi madingų madingiems madingoms madingus madingais madingomis madinguose madingose
metro	noun	mètro (nekait.)	metro
minutė	noun	minùtė / minùtės	minutė minutės minutei minutę minute minutėje minutėms minutes minutėmis minutėse minučių
mėlynas	adj	mė́lynas / mė́lyna	mėlynas mėlyna mėlyno mėlynos mėlynam mėlynai mėlyną mėlynu mėlyname mėlynoje mėlyni mėlynų mėlyniems mėlynoms mėlynus mėlynais mėlynomis mėlynuose mėlynose
padavėjas	noun	padavė́jas / padavė́jai	padavėjas padavėjo padavėjui padavėją padavėju padavėjuje padavėjai padavėjų padavėjams padavėjus padavėjais padavėjuose
pamiršti	verb	pamir̃šti, pamir̃šta, pamir̃šo	pamiršti pamirštu pamiršta pamirštame pamirštate pamiršau pamiršai pamiršo pamiršome pamiršote pamiršiu pamirši pamirš pamiršime pamiršite pamiršk pamirškite
pildyti	verb	pìldyti, pìldo, pìldė	pildyti pildau pildai pildo pildome pildote pildžiau pildei pildė pildėme pildėte pildysiu pildysi pildys pildysime pildysite pildyk pildykite
pralaimėti	verb	pralaimė́ti, pralaĩmi, pralaimė́jo	pralaimėti pralaimiu pralaimi pralaimime pralaimite pralaimėjau pralaimėjai pralaimėjo pralaimėjome pralaimėjote pralaimėsiu pralaimėsi pralaimės pralaimėsime pralaimėsite pralaimėk pralaimėkite
produktai	noun	prodùktas / prodùktai	produktai produktų produktams produktus produktais produktuose produktas produkto produktui produktą produktu produkte
reikšti	verb	réikšti, réiškia, réiškė	reikšti reiškiu reiški reiškia reiškiame reiškiate reiškiau reiškei reiškė reiškėme reiškėte reikšiu reikši reikš reikšime reikšite reikšk reikškite
ruoštis	verb	ruõštis, ruõšiasi, ruõšėsi	ruoštis ruošiuosi ruošiesi ruošiasi ruošiamės ruošiatės ruošiausi ruošeisi ruošėsi ruošėmės ruošėtės ruošis ruošimės ruošitės ruoškis ruoškitės
sakyti	verb	sakýti, sãko, sãkė	sakyti sakau sakai sako sakome sakote sakiau sakei sakė sakėme sakėte sakysiu sakysi sakys sakysime sakysite sakyk sakykite
sekundė	noun	sekùndė / sekùndės	sekundė sekundės sekundei sekundę sekunde sekundėje sekundėms sekundes sekundėmis sekundėse sekundžių
stabdžiai	noun	stabdỹs / stabdžiaĩ	stabdžiai stabdžių stabdžiams stabdžius stabdžiais stabdžiuose stabdys stabdžio stabdžiui stabdį stabdžiu stabdyje
susipažinti	verb	susipažìnti, susipažį́sta, susipažìno	susipažinti susipažįstu susipažįsti susipažįsta susipažįstame susipažįstate susipažinau susipažinai susipažino susipažinome susipažinote susipažinsiu susipažinsi susipažins susipažinsime susipažinsite susipažink susipažinkite
sėstis	verb	sė́stis, sė́dasi, sė́dosi	sėstis sėduosi sėdiesi sėdasi sėdamės sėdatės sėdausi sėdaisi sėdosi sėdomės sėdotės sėsiuosi sėsiesi sėsis sėsimės sėsitės sėskis sėskitės
taupyti	verb	taupýti, taũpo, taũpė	taupyti taupau taupai taupo taupome taupote taupiau taupei taupė taupėme taupėte taupysiu taupysi taupys taupysime taupysite taupyk taupykite
užkandis	noun	ùžkandis / ùžkandžiai	užkandis užkandžio užkandžiui užkandį užkandžiu užkandyje užkandžiai užkandžių užkandžiams užkandžius užkandžiais užkandžiuose
vaistai	noun	váistas / váistai	vaistai vaistų vaistams vaistus vaistais vaistuose vaistas vaisto vaistui vaistą vaistu vaiste
vežti	verb	vèžti, vẽža, vẽžė	vežti vežu veži veža vežame vežate vežiau vežei vežė vežėme vežėte vešiu veši veš vešime vešite vežk vežkite
vogti	verb	võgti, vãgia, võgė	vogti vagiu vagi vagia vagiame vagiate vogiau vogei vogė vogėme vogėte vogsiu vogsi vogs vogsime vogsite vok vokite
šauti	verb	šáuti, šáuna, šóvė	šauti šaunu šauni šauna šauname šaunate šoviau šovei šovė šovėme šovėte šausiu šausi šaus šausime šausite šauk šaukite
švęsti	verb	švę̃sti, šveñčia, šveñtė	švęsti švenčiu šventi švenčia švenčiame švenčiate švenčiau šventei šventė šventėme šventėte švęsiu švęsi švęs švęsime švęsite švęsk švęskite
keitykla	noun	keityklà / keitỹklos	keitykla keityklos keityklai keityklą keitykla keitykloje keityklos keityklų keitykloms keityklas keityklomis keityklose
atidarytuvas	noun	atidarytuvas / atidarytuvai	atidarytuvas atidarytuvo atidarytuvui atidarytuvą atidarytuvu atidarytuve atidarytuvai atidarytuvų atidarytuvams atidarytuvus atidarytuvais atidarytuvuose
du	num	dù / dvì	du dvi dviejų dviem dviejuose dviejose
trys	num	trỹs / trỹs	trys trijų trims tris trimis trijuose trijose
keturi	num	keturi̇̀ / kẽturios	keturi keturios keturių keturiems keturioms keturis keturias keturiais keturiomis keturiuose keturiose
penki	num	penki̇̀ / peñkios	penki penkios penkių penkiems penkioms penkis penkias penkiais penkiomis penkiuose penkiose
šeši	num	šeši̇̀ / šẽšios	šeši šešios šešių šešiems šešioms šešis šešias šešiais šešiomis šešiuose šešiose
septyni	num	septyni̇̀ / septýnios	septyni septynios septynių septyniems septynioms septynis septynias septyniais septyniomis septyniuose septyniose
aštuoni	num	aštuoni̇̀ / aštúonios	aštuoni aštuonios aštuonių aštuoniems aštuonioms aštuonis aštuonias aštuoniais aštuoniomis aštuoniuose aštuoniose
devyni	num	devyni̇̀ / devýnios	devyni devynios devynių devyniems devynioms devynis devynias devyniais devyniomis devyniuose devyniose
dešimt	num	dẽšimt	dešimt
šimtas	num	šim̃tas / šimtaĩ	šimtas šimto šimtui šimtą šimtu šimte šimtai šimtų šimtams šimtus šimtais šimtuose
tūkstantis	num	tū́kstantis / tū́kstančiai	tūkstantis tūkstančio tūkstančiui tūkstantį tūkstančiu tūkstantyje tūkstančiai tūkstančių tūkstančiams tūkstančius tūkstančiais tūkstančiuose
aš	pron	àš, manę̃s, mán, manè, manimì, manyjè	aš manęs man mane manimi manyje
tu	pron	tù, tavę̃s, táu, tavè, tavimì, tavyjè	tu tavęs tau tave tavimi tavyje
jis	pron	jìs, jõ, jám, jį̃, juõ, jamè	jis jo jam jį juo jame
ji	pron	jì, jõs, jái, ją̃, jà, jojè	ji jos jai ją ja joje
mes	pron	mẽs, mū́sų, mùms, mùs, mumìs, mumysè	mes mūsų mums mus mumis mumyse
jūs	pron	jū̃s, jū́sų, jùms, jùs, jumìs, jumysè	jūs jūsų jums jus jumis jumyse
jie	pron	jiẽ, jų̃, jíems, juõs, jaĩs, juosè	jie jų jiems juos jais juose
spręsti	verb	sprę́sti, spréndžia, spréndė	spręsti sprendžiu sprendi sprendžia sprendžiame sprendžiate sprendžiau sprendei sprendė sprendėme sprendėte spręsiu spręsi spręs spręsime spręsite spręsk spręskite
tvarkyti	verb	tvarkýti, tvar̃ko, tvar̃kė	tvarkyti tvarkau tvarkai tvarko tvarkome tvarkote tvarkiau tvarkei tvarkė tvarkėme tvarkėte tvarkysiu tvarkysi tvarkys tvarkysime tvarkysite tvarkyk tvarkykite
sūrus	adj	sūrùs / sū̃ri	sūrus sūri sūraus sūrios sūriam sūriai sūrų sūrią sūriu sūria sūriame sūrioje sūrūs sūrios sūrių sūriems sūrioms sūrius sūrias sūriais sūriomis sūriuose sūriose
skystas	adj	skýstas / skystà	skystas skysta skysto skystos skystam skystai skystą skystu skystame skystoje skysti skystų skystiems skystoms skystus skystas skystais skystomis skystuose skystose
meistras	noun	méistras / meistraĩ	meistras meistro meistrui meistrą meistru meistre meistrai meistrų meistrams meistrus meistrais meistruose
remontas	noun	remòntas / remòntai	remontas remonto remontui remontą remontu remonte remontai remontų remontams remontus remontais remontuose
dūmai	noun	dū́mai (tik dgs.)	dūmai dūmų dūmams dūmus dūmais dūmuose
vėl	adv	vė̃l	vėl
galima	adv	gãlima	galima
rožinis	adj	rõžinis / rõžinė	rožinis rožinio rožiniam rožinį rožiniu rožiniame rožinė rožinės rožinei rožinę rožine rožinėje rožiniai rožinių rožiniams rožinius rožiniais rožiniuose rožinės rožinėms rožines rožinėmis rožinėse
besmegenis	noun	besmegẽnis / besmegẽniai	besmegenis besmegenio besmegeniui besmegenį besmegeniu besmegenyje besmegeniai besmegenių besmegeniams besmegenius besmegeniais besmegeniuose
mielas	adj	mi̇́elas / míela	miela mielai mielais mielam mielame mielas mieli mieliems mielo mieloje mielomis mieloms mielos mielose mielu mieluose mielus mielą mielų
sultys	noun	sùltys (tik dgs.)	sultys sulčių sultims sultis sultimis sultyse
# ---- batch31 ----
minia	noun	minià / miniõs	minia minios miniai minią minia minioje minios minių minioms minias miniomis miniose
technologija	noun	technològija / technològijos	technologija technologijos technologijai technologiją technologija technologijoje technologijos technologijų technologijoms technologijas technologijomis technologijose
puolimas	noun	puolìmas / puolìmai	puolimas puolimo puolimui puolimą puolimu puolime puolimai puolimų puolimams puolimus puolimais puolimuose
mankšta	noun	mankštà / mankštõs	mankšta mankštos mankštai mankštą mankšta mankštoje mankštos mankštų mankštoms mankštas mankštomis mankštose
rašiklis	noun	rašìklis / rašìkliai	rašiklis rašiklio rašikliui rašiklį rašikliu rašiklyje rašikliai rašiklių rašikliams rašiklius rašikliais rašikliuose
raštelis	noun	raštẽlis / raštẽliai	raštelis raštelio rašteliui raštelį rašteliu raštelyje rašteliai raštelių rašteliams raštelius rašteliais rašteliuose
plaštaka	noun	plãštaka / plãštakos	plaštaka plaštakos plaštakai plaštaką plaštaka plaštakoje plaštakos plaštakų plaštakoms plaštakas plaštakomis plaštakose
slėnis	noun	slė̃nis / slė̃niai	slėnis slėnio slėniui slėnį slėniu slėnyje slėniai slėnių slėniams slėnius slėniais slėniuose
plastikas	noun	plãstikas / plãstikai	plastikas plastiko plastikui plastiką plastiku plastike plastikai plastikų plastikams plastikus plastikais plastikuose
molis	noun	mólis / móliai	molis molio moliui molį moliu molyje moliai molių moliams molius moliais moliuose
apskritimas	noun	apskritìmas / apskritìmai	apskritimas apskritimo apskritimui apskritimą apskritimu apskritime apskritimai apskritimų apskritimams apskritimus apskritimais apskritimuose
kvadratas	noun	kvadrãtas / kvadrãtai	kvadratas kvadrato kvadratui kvadratą kvadratu kvadrate kvadratai kvadratų kvadratams kvadratus kvadratais kvadratuose
data	noun	datà / dãtos	data datos datai datą data datoje datos datų datoms datas datomis datose
sužalojimas	noun	sužalójimas / sužalójimai	sužalojimas sužalojimo sužalojimui sužalojimą sužalojimu sužalojime sužalojimai sužalojimų sužalojimams sužalojimus sužalojimais sužalojimuose
maitinti	verb	maitínti, maitìna, maitìno	maitinti maitina maitino maitinu maitinau maitins
kabinti	verb	kabínti, kabìna, kabìno	kabinti kabina kabino
lesinti	verb	lẽsinti, lẽsina, lẽsino	lesinti lesina lesino
auginti	verb	augínti, augìna, augìno	auginti augina augino
deginti	verb	dẽginti, dẽgina, dẽgino	deginti degina degino
blynas	noun	blỹnas / blỹnai	blynas blyno blynui blyną blynu blyne blynai blynų blynams blynus blynais blynuose
desertas	noun	desèrtas / desèrtai	desertas deserto desertui desertą desertu deserte desertai desertų desertams desertus desertais desertuose
internetas	noun	internètas / internètai	internetas interneto internetui internetą internetu internete internetai internetų internetams internetus internetais internetuose
kroviklis	noun	kroviklis / krovikliai	kroviklis kroviklio krovikliui kroviklį krovikliu kroviklyje krovikliai kroviklių krovikliams kroviklius krovikliais krovikliuose
užuolaida	noun	užúolaida / užúolaidos	užuolaida užuolaidos užuolaidai užuolaidą užuolaida užuolaidoje užuolaidos užuolaidų užuolaidoms užuolaidas užuolaidomis užuolaidose
nuoma	noun	núoma / núomos	nuoma nuomos nuomai nuomą nuoma nuomoje nuomos nuomų nuomoms nuomas nuomomis nuomose
paauglys	noun	paauglỹs / paaugliaĩ	paauglys paauglio paaugliui paauglį paaugliu paauglyje paaugliai paauglių paaugliams paauglius paaugliais paaugliuose
muzikantas	noun	muzikántas / muzikántai	muzikantas muzikanto muzikantui muzikantą muzikantu muzikante muzikantai muzikantų muzikantams muzikantus muzikantais muzikantuose
galimas	adj	gãlimas / gãlima	galimas galima galimo galimos galimam galimai galimą galimu galimame galimoje galimi galimų galimiems galimoms galimus galimas galimais galimomis galimuose galimose
garsus	adj	garsùs / garsì	garsus garsi garsaus darbščios garsų darbščią garsūs darbščių garsiems darbščioms darbščius darbščias darbščiais darbščiomis darbščiuose darbščiose
išlenktas	adj	ìšlenktas / išlenktà	išlenktas išlenkta išlenkto išlenktos išlenktam išlenktai išlenktą išlenktu išlenktame išlenktoje išlenkti išlenktų išlenktiems išlenktoms išlenktus išlenktas išlenktais išlenktomis išlenktuose išlenktose
modernus	adj	modernùs / modernì	modernus moderni modernaus darbščios modernų darbščią modernūs darbščių moderniems darbščioms darbščius darbščias darbščiais darbščiomis darbščiuose darbščiose modernios moderniam moderniai modernią moderniame modernioje
natūralus	adj	natūralùs / natūralì	natūralus natūrali natūralaus natūralios natūraliam natūraliai natūralų natūralią natūraliu natūralia natūraliame natūralioje natūralūs natūralių natūraliems natūralioms natūralius natūralias natūraliais natūraliomis natūraliuose natūraliose
negyvas	adj	negývas / negýva	negyvas negyva negyvo negyvos negyvam negyvai negyvą negyvu negyvame negyvoje negyvi negyvų negyviems negyvoms negyvus negyvas negyvais negyvomis negyvuose negyvose
neturtingas	adj	neturtíngas / neturtínga	neturtingas neturtinga neturtingo neturtingos neturtingam neturtingai neturtingą neturtingu neturtingame neturtingoje neturtingi neturtingų neturtingiems neturtingoms neturtingus neturtingais neturtingomis neturtinguose neturtingose
seklus	adj	seklùs / seklì	seklus sekli seklaus seklios sekliam sekliai seklų seklią sekliu seklia sekliame seklioje seklūs seklių sekliems seklioms seklius seklias sekliais sekliomis sekliuose sekliose
tingus	adj	tingùs / tíngi	tingus tingi tingaus darbščios tingų darbščią tingūs darbščių tingiems darbščioms darbščius darbščias darbščiais darbščiomis darbščiuose darbščiose tingios tingiam tingiai tingią
turtingas	adj	turtìngas / turtínga	turtingas turtinga turtingo turtingos turtingam turtingai turtingą turtingu turtingame turtingoje turtingi turtingų turtingiems turtingoms turtingus turtingais turtingomis turtinguose turtingose
tylus	adj	tylùs / tỹli	tylus tyli tylaus tylios tyliam tyliai tylų tylią tyliu tylia tyliame tylioje tylūs tylių tyliems tylioms tylius tylias tyliais tyliomis tyliuose tyliose
karštis	noun	kar̃štis / kar̃ščiai	karštis karščio karščiui karštį karščiu karštyje karščiai karščių karščiams karščius karščiais karščiuose
kukurūzai	noun	kukurū̃zas / kukurū̃zai	kukurūzai kukurūzų kukurūzams kukurūzus kukurūzais kukurūzuose kukurūzas kukurūzo kukurūzui kukurūzą kukurūzu kukurūze
lemputė	noun	lempùtė / lempùtės	lemputė lemputės lemputei lemputę lempute lemputėje lempučių lemputėms lemputes lemputėmis lemputėse
naujienos	noun	naujíenos (tik dgs.)	naujienos naujienų naujienoms naujienas naujienomis naujienose
santykiai	noun	sántykis / sántykiai	santykis santykio santykiui santykį santykiu santykyje santykiai santykių santykiams santykius santykiais santykiuose
sekretorius	noun	sekretõrius / sekretõriai	sekretorius sekretoriaus sekretoriui sekretorių sekretoriumi sekretoriuje sekretoriai sekretorių sekretoriams sekretorius sekretoriais sekretoriuose
stalčius	noun	stálčius / stálčiai	stalčius stalčiaus stalčiui stalčių stalčiumi stalčiuje stalčiai stalčių stalčiams stalčius stalčiais stalčiuose
tėvai	noun	tė́vas / tėvaĩ	tėvai tėvų tėvams tėvus tėvais tėvuose tėvas tėvo tėvui tėvą tėvu tėve
ventiliatorius	noun	ventiliãtorius / ventiliãtoriai	ventiliatorius ventiliatoriaus ventiliatoriui ventiliatorių ventiliatoriumi ventiliatoriuje ventiliatoriai ventiliatorių ventiliatoriams ventiliatorius ventiliatoriais ventiliatoriuose
aštuoniasdešimt	num	aštúoniasdešimt	aštuoniasdešimt
devyniasdešimt	num	devýniasdešimt	devyniasdešimt
dvidešimt	num	dvìdešimt	dvidešimt
keturiasdešimt	num	kẽturiasdešimt	keturiasdešimt
milijonas	num	milijõnas / milijõnai	milijonas milijono milijonui milijoną milijonu milijone milijonai milijonų milijonams milijonus milijonais milijonuose
penkiasdešimt	num	peñkiasdešimt	penkiasdešimt
septyniasdešimt	num	septýniasdešimt	septyniasdešimt
trisdešimt	num	trìsdešimt	trisdešimt
tie	pron	tiẽ, tų̃, tíems, tuõs, taĩs, tuosè	tie tų tiems tuos tais tuose
dalintis	verb	dalíntis, dalìnasi, dalìnosi	dalintis dalinuosi daliniesi dalinasi dalinamės dalinatės dalinausi dalinaisi dalinosi dalinomės dalinotės dalinsiuosi dalinsiesi dalinsis dalinkis dalinkitės
dėvėti	verb	dėvė́ti, dė̃vi, dėvė́jo	dėvėti dėviu dėvi dėvime dėvite dėvėjau dėvėjai dėvėjo dėvėjome dėvėjote dėvėsiu dėvėsi dėvės dėvėk dėvėkite
laužyti	verb	láužyti, láužo, láužė	laužyti laužau laužai laužo laužome laužote laužiau laužei laužė laužėme laužėte laužysiu laužysi laužys laužysime laužysite laužyk laužykite
lydyti	verb	lýdyti, lýdo, lýdė	lydyti lydau lydai lydo lydome lydote lydžiau lydei lydė lydėme lydėte lydysiu lydysi lydys lydyk lydykite
praeiti	verb	praei̇̃ti, pasirãšo, pasirãšė	praeiti pasirašau pasirašai pasirašo pasirašome pasirašote pasirašiau pasirašei pasirašė pasirašėme pasirašėte praeisiu praeisi praeis praeisime praeisite praeik praeikite praeina praėjo praeinu praėjau
purtyti	verb	púrtyti, púrto, púrtė	purtyti purtau purtai purto purtome purtote purčiau purtei purtė purtėme purtėte purtysiu purtysi purtys purtysime purtysite purtyk purtykite
tuoktis	verb	tuõktis, tuõkiasi, tuõkėsi	tuoktis tuokiuosi tuokiesi tuokiasi tuokiamės tuokiatės tuokiausi tuokeisi tuokėsi tuokėmės tuokėtės tuoksiuosi tuoksiesi tuoksis tuokis tuokitės
vienuolika	num	vienúolika	vienuolika vienuolikos vienuolikai vienuolika vienuolikoje
dvylika	num	dvýlika	dvylika dvylikos dvylikai dvylika dvylikoje
trylika	num	trýlika	trylika trylikos trylikai trylika trylikoje
keturiolika	num	keturiólika	keturiolika keturiolikos keturiolikai keturiolika keturiolikoje
penkiolika	num	penkiólika	penkiolika penkiolikos penkiolikai penkiolika penkiolikoje
šešiolika	num	šešiólika	šešiolika šešiolikos šešiolikai šešiolika šešiolikoje
septyniolika	num	septyniólika	septyniolika septyniolikos septyniolikai septyniolika septyniolikoje
aštuoniolika	num	aštuoniólika	aštuoniolika aštuoniolikos aštuoniolikai aštuoniolika aštuoniolikoje
devyniolika	num	devyniólika	devyniolika devyniolikos devyniolikai devyniolika devyniolikoje
mano	pron	màno	mano
tavo	pron	tàvo	tavo
jo	pron	jõ	jo
jų	pron	jų̃	jų
mūsų	pron	mū́sų	mūsų
jūsų	pron	jū́sų	jūsų
šie	pron	šiẽ, šių̃, šíems, šiuõs, šiaĩs, šiuosè	šie šių šiems šiuos šiais šiuose
kitoks	pron	kitóks / kitókia	kitoks kitokia kitokio kitokios kitokiam kitokiai kitokį kitokią kitokiu kitokia kitokiame kitokioje kitokie kitokios
atsisiųsti	verb	atsisių̃sti, atsisiuñčia, atsìsiuntė	atsisiųsti atsisiunčia atsisiuntė atsisiunčiu atsisiunčiau atsisiųs
lenkti	verb	leñkti, leñkia, lénkė	lenkti lenkia lenkė
melstis	verb	mel̃stis, mel̃džiasi, mel̃dėsi	melstis meldžiasi meldėsi
muštis	verb	mùštis, mùšasi, mùšėsi	muštis mušasi mušėsi
šerti	verb	šérti, šẽria, šė́rė	šerti šeria šėrė
kurčias	adj	kur̃čias / kurčià	kurčias kurčia kurčio kurčios kurtį kurčią kurtieji
plokščias	adj	plokščias / plokščia	plokščias plokščia plokščio plokščios plokščią
sergantis	adj	ser̃gantis / ser̃ganti	sergantis serganti sergančio sergančios sergantį sergančią sergantys
miltai	noun	míltai (tik dgs.)	miltai miltų miltams miltus miltais miltuose
ryžiai	noun	rỹžiai (tik dgs.)	ryžiai ryžių ryžiams ryžius ryžiais ryžiuose
nulis	noun	nulis / nuliai	nulis nulio nuliui nulį nuliu nulyje nuliai nulių nuliams nulius nuliais nuliuose
varis	noun	varis (tik vns.)	varis vario variui varį variu varyje
tas	pron	tàs, tõ, tám, tą̃, tuõ, tamè	tas ta tai to tos tam tai tą tuo ta tame toje tie tos tų tiems toms tuos tas tais tomis tuose tose
šis	pron	šìs, šiõ, šiám, šį̃, šiuõ, šiamè	šis ši šio šios šiam šiai šį šią šiuo šia šiame šioje šie šios šių šiems šioms šiuos šias šiais šiomis šiuose šiose
kuris	pron	kurìs, kuriõ, kuriám, kurį̃, kuriuõ, kuriamè	kuris kuri kurio kurios kuriam kuriai kurį kurią kuriuo kuria kuriame kurioje kurie kurios kurių kuriems kurioms kuriuos kurias kuriais kuriomis kuriuose kuriose
kas	pron	kàs, kõ, kám, ką̃, kuõ, kamè	kas ko kieno kam ką kuo kame
savo	pron	sàvo	savo
jos	pron	jõs	jos
